House in countryside	Stylish penthouse on the top floor offering panoramic views of the rooftops. Bright interiors, designer furniture and a private terrace.	2026-03-21T04:43:58.239Z	Paris	preview-studio-01.jpg	photo-house-02.jpg,photo-room-01.jpg,photo-hotel-01.jpg,photo-studio-01.jpg,photo-loft-01.jpg,photo-loft-02.jpg	false	true	2.8	hotel	6	8	58547	Air conditioning,Laptop friendly workspace,Baby seat,Washer	Angelina Dubois	johan.peeters@example.com	avatar-angelina.jpg	secret-5845	pro	1	48.85661	2.351499
Penthouse, 4-5 rooms + 5th roof	A comfortable and spacious apartment with a stunning view of the historic city center. Ideal for couples and small families.	2025-09-26T10:29:06.890Z	Amsterdam	preview-house-01.jpg	photo-apartment-03.jpg,photo-house-01.jpg,photo-house-02.jpg,photo-room-01.jpg,photo-hotel-01.jpg,photo-studio-01.jpg,photo-loft-01.jpg,photo-loft-02.jpg	true	true	2.3	room	7	3	92564	Towels,Fridge	Max De Vries	eva.lindberg@example.com	avatar-laura.jpg	secret-2738	pro	4	52.370216	4.895168
Penthouse, 4-5 rooms + 5th roof	A comfortable and spacious apartment with a stunning view of the historic city center. Ideal for couples and small families.	2025-09-19T02:00:44.671Z	Amsterdam	preview-room-01.jpg	photo-house-02.jpg,photo-room-01.jpg,photo-hotel-01.jpg,photo-studio-01.jpg,photo-loft-01.jpg,photo-loft-02.jpg	false	true	2.5	apartment	1	6	50729	Baby seat	Sophie Lambert	eva.lindberg@example.com	avatar-lucas.jpg	secret-1603	regular	6	52.370216	4.895168
Wood and stone place	A traditional house with character, featuring wooden beams, a fireplace and a charming courtyard perfect for relaxing evenings.	2025-10-24T03:10:20.279Z	Cologne	preview-hotel-01.jpg	photo-apartment-02.jpg,photo-apartment-03.jpg,photo-house-01.jpg	false	true	1.4	room	7	8	5801	Laptop friendly workspace,Baby seat,Washer,Towels,Fridge	Johan Peeters	johan.peeters@example.com	avatar-oleg.jpg	secret-7077	regular	9	50.938361	6.959974
Penthouse, 4-5 rooms + 5th roof	Modern studio with all amenities, located in the heart of the city within walking distance to the main attractions and public transport.	2025-11-13T02:21:48.567Z	Brussels	preview-house-01.jpg	photo-apartment-01.jpg,photo-apartment-02.jpg,photo-apartment-03.jpg	true	false	3.5	hotel	7	9	45291	Fridge	Mark Kowalski	johan.peeters@example.com	avatar-oleg.jpg	secret-6322	pro	4	50.846557	4.351697
Amazing & Ancient Apartment	Bright and airy family apartment close to parks and schools. Quiet neighbourhood with easy access to the city centre.	2026-05-25T02:40:26.460Z	Cologne	preview-apartment-01.jpg	photo-loft-01.jpg,photo-loft-02.jpg	true	false	3.9	house	7	3	81085	Washer,Towels,Fridge	Mark Kowalski	laura.neumann@example.com	avatar-lucas.jpg	secret-8839	regular	6	50.938361	6.959974
Loft Studio in the Central Area	Unique loft space with high ceilings and large industrial windows. Perfect for those who appreciate creative and unconventional interiors.	2026-06-11T17:58:00.730Z	Paris	preview-apartment-01.jpg	photo-room-01.jpg,photo-hotel-01.jpg,photo-studio-01.jpg,photo-loft-01.jpg,photo-loft-02.jpg	true	false	1.6	room	4	6	34507	Baby seat,Washer,Towels,Fridge	Max De Vries	sophie.lambert@example.com	avatar-laura.jpg	secret-4583	regular	6	48.85661	2.351499
Loft Studio in the Central Area	A traditional house with character, featuring wooden beams, a fireplace and a charming courtyard perfect for relaxing evenings.	2025-11-16T11:49:51.285Z	Brussels	preview-studio-01.jpg	photo-studio-01.jpg,photo-loft-01.jpg,photo-loft-02.jpg	true	false	1.6	house	4	8	97542	Baby seat,Washer,Towels,Fridge	Eva Lindberg	johan.peeters@example.com	avatar-emma.jpg	secret-4788	pro	8	50.846557	4.351697
Penthouse, 4-5 rooms + 5th roof	Bright and airy family apartment close to parks and schools. Quiet neighbourhood with easy access to the city centre.	2026-01-28T00:41:32.370Z	Amsterdam	preview-room-01.jpg	photo-loft-01.jpg,photo-loft-02.jpg	true	false	3.9	hotel	2	3	64724	Towels,Fridge	Lucas Maes	emma.vandenberg@example.com	avatar-oleg.jpg	secret-3041	regular	3	52.370216	4.895168
Beautiful & luxurious studio at great location	A traditional house with character, featuring wooden beams, a fireplace and a charming courtyard perfect for relaxing evenings.	2026-01-16T14:13:59.977Z	Dusseldorf	preview-loft-01.jpg	photo-hotel-01.jpg,photo-studio-01.jpg,photo-loft-01.jpg,photo-loft-02.jpg	false	true	3.1	house	2	2	11133	Laptop friendly workspace,Baby seat,Washer,Towels,Fridge	Angelina Dubois	oleg.sidorov@example.com	avatar-angelina.jpg	secret-8443	regular	6	51.225402	6.776314
Amazing & Ancient Apartment	Bright and airy family apartment close to parks and schools. Quiet neighbourhood with easy access to the city centre.	2025-10-27T05:06:13.741Z	Brussels	preview-room-01.jpg	photo-studio-01.jpg,photo-loft-01.jpg,photo-loft-02.jpg	true	false	4.2	room	3	2	36720	Washer,Towels,Fridge	Emma van den Berg	mark.kowalski@example.com	avatar-johan.jpg	secret-4095	pro	7	50.846557	4.351697
Tile House	Stylish penthouse on the top floor offering panoramic views of the rooftops. Bright interiors, designer furniture and a private terrace.	2025-10-28T04:53:25.671Z	Brussels	preview-house-01.jpg	photo-studio-01.jpg,photo-loft-01.jpg,photo-loft-02.jpg	false	true	3.3	room	5	1	49219	Baby seat,Washer,Towels,Fridge	Oleg Sidorov	oleg.sidorov@example.com	avatar-angelina.jpg	secret-4470	regular	5	50.846557	4.351697
Penthouse, 4-5 rooms + 5th roof	A comfortable and spacious apartment with a stunning view of the historic city center. Ideal for couples and small families.	2026-04-25T00:16:22.223Z	Hamburg	preview-apartment-01.jpg	photo-loft-01.jpg,photo-loft-02.jpg	true	true	1.7	house	7	1	4463	Breakfast,Air conditioning,Laptop friendly workspace,Baby seat	Sophie Lambert	lucas.maes@example.com	avatar-lucas.jpg	secret-8846	regular	8	53.550341	10.000654
Penthouse, 4-5 rooms + 5th roof	A traditional house with character, featuring wooden beams, a fireplace and a charming courtyard perfect for relaxing evenings.	2025-10-30T11:59:01.033Z	Paris	preview-room-01.jpg	photo-house-01.jpg,photo-house-02.jpg,photo-room-01.jpg,photo-hotel-01.jpg	true	true	1.4	room	3	4	31400	Laptop friendly workspace,Baby seat,Washer,Towels	Sophie Lambert	oleg.sidorov@example.com	avatar-oleg.jpg	secret-2229	pro	4	48.85661	2.351499
House in countryside	A quiet cozy and picturesque that hides behind a river, unique wooden decked lodge surrounded by a large garden and many places for taking photos.	2026-03-17T12:07:10.796Z	Dusseldorf	preview-house-01.jpg	photo-room-01.jpg,photo-hotel-01.jpg,photo-studio-01.jpg,photo-loft-01.jpg,photo-loft-02.jpg	false	false	2.6	hotel	2	10	14566	Air conditioning,Laptop friendly workspace,Baby seat	Johan Peeters	sophie.lambert@example.com	avatar-angelina.jpg	secret-8329	pro	2	51.225402	6.776314
Amazing & Ancient Apartment	A comfortable and spacious apartment with a stunning view of the historic city center. Ideal for couples and small families.	2025-12-24T02:05:44.573Z	Amsterdam	preview-house-01.jpg	photo-house-02.jpg,photo-room-01.jpg,photo-hotel-01.jpg,photo-studio-01.jpg,photo-loft-01.jpg,photo-loft-02.jpg	true	true	1.2	house	6	2	19874	Towels,Fridge	Max De Vries	angelina.dubois@example.com	avatar-max.jpg	secret-1853	pro	4	52.370216	4.895168
Beautiful & luxurious studio at great location	A quiet cozy and picturesque that hides behind a river, unique wooden decked lodge surrounded by a large garden and many places for taking photos.	2026-08-10T18:12:18.596Z	Cologne	preview-house-01.jpg	photo-loft-02.jpg	false	false	3.3	hotel	8	8	4165	Laptop friendly workspace,Baby seat	Emma van den Berg	angelina.dubois@example.com	avatar-eva.jpg	secret-8331	pro	10	50.938361	6.959974
White castle	Bright and airy family apartment close to parks and schools. Quiet neighbourhood with easy access to the city centre.	2026-03-27T01:57:11.136Z	Brussels	preview-studio-01.jpg	photo-apartment-03.jpg,photo-house-01.jpg,photo-house-02.jpg,photo-room-01.jpg	true	true	2.8	room	4	5	2462	Laptop friendly workspace,Baby seat,Washer	Sophie Lambert	eva.lindberg@example.com	avatar-johan.jpg	secret-9943	regular	1	50.846557	4.351697
Loft Studio in the Central Area	An independent House, strategically located between Rembrand Square and National Opera, but where the bustle of city life comes to rest in this unusually flowy and soundproofed design home.	2026-07-15T14:24:01.674Z	Hamburg	preview-hotel-01.jpg	photo-house-02.jpg,photo-room-01.jpg,photo-hotel-01.jpg,photo-studio-01.jpg,photo-loft-01.jpg,photo-loft-02.jpg	true	true	3.5	hotel	6	5	88422	Towels,Fridge	Angelina Dubois	laura.neumann@example.com	avatar-laura.jpg	secret-4349	regular	2	53.550341	10.000654
House in countryside	Stylish penthouse on the top floor offering panoramic views of the rooftops. Bright interiors, designer furniture and a private terrace.	2026-08-18T20:52:35.154Z	Hamburg	preview-apartment-01.jpg	photo-apartment-03.jpg,photo-house-01.jpg,photo-house-02.jpg,photo-room-01.jpg,photo-hotel-01.jpg	true	false	2.8	room	5	7	11750	Towels,Fridge	Sophie Lambert	oleg.sidorov@example.com	avatar-oleg.jpg	secret-1652	regular	5	53.550341	10.000654
Wood and stone place	Modern studio with all amenities, located in the heart of the city within walking distance to the main attractions and public transport.	2026-06-28T07:45:41.179Z	Cologne	preview-hotel-01.jpg	photo-apartment-02.jpg,photo-apartment-03.jpg,photo-house-01.jpg,photo-house-02.jpg,photo-room-01.jpg,photo-hotel-01.jpg	false	true	2.4	room	4	2	66548	Air conditioning,Laptop friendly workspace	Mark Kowalski	johan.peeters@example.com	avatar-eva.jpg	secret-5475	pro	3	50.938361	6.959974
White castle	A comfortable and spacious apartment with a stunning view of the historic city center. Ideal for couples and small families.	2025-12-05T05:57:46.983Z	Dusseldorf	preview-hotel-01.jpg	photo-room-01.jpg,photo-hotel-01.jpg,photo-studio-01.jpg,photo-loft-01.jpg,photo-loft-02.jpg	true	false	2.6	room	8	9	80227	Washer,Towels,Fridge	Mark Kowalski	lucas.maes@example.com	avatar-johan.jpg	secret-4958	regular	2	51.225402	6.776314
Tile House	A traditional house with character, featuring wooden beams, a fireplace and a charming courtyard perfect for relaxing evenings.	2026-08-31T01:34:51.675Z	Brussels	preview-studio-01.jpg	photo-apartment-03.jpg,photo-house-01.jpg,photo-house-02.jpg,photo-room-01.jpg,photo-hotel-01.jpg,photo-studio-01.jpg,photo-loft-01.jpg,photo-loft-02.jpg	true	false	4.5	house	4	5	73928	Baby seat,Washer,Towels,Fridge	Lucas Maes	mark.kowalski@example.com	avatar-mark.jpg	secret-9422	pro	7	50.846557	4.351697
Canal View Prinsengracht	A comfortable and spacious apartment with a stunning view of the historic city center. Ideal for couples and small families.	2025-09-11T15:44:40.241Z	Brussels	preview-studio-01.jpg	photo-loft-01.jpg,photo-loft-02.jpg	false	false	4.8	apartment	7	8	17411	Breakfast	Emma van den Berg	mark.kowalski@example.com	avatar-emma.jpg	secret-9840	regular	4	50.846557	4.351697
Loft Studio in the Central Area	Modern studio with all amenities, located in the heart of the city within walking distance to the main attractions and public transport.	2026-01-05T08:50:20.535Z	Brussels	preview-room-01.jpg	photo-house-01.jpg,photo-house-02.jpg,photo-room-01.jpg,photo-hotel-01.jpg,photo-studio-01.jpg,photo-loft-01.jpg,photo-loft-02.jpg	false	false	2.1	hotel	4	7	70420	Fridge	Angelina Dubois	johan.peeters@example.com	avatar-johan.jpg	secret-2551	pro	6	50.846557	4.351697
Loft Studio in the Central Area	A comfortable and spacious apartment with a stunning view of the historic city center. Ideal for couples and small families.	2025-09-22T00:15:53.069Z	Brussels	preview-hotel-01.jpg	photo-house-02.jpg,photo-room-01.jpg,photo-hotel-01.jpg,photo-studio-01.jpg,photo-loft-01.jpg,photo-loft-02.jpg	false	true	4.2	apartment	7	2	46140	Breakfast,Air conditioning,Laptop friendly workspace,Baby seat	Lucas Maes	lucas.maes@example.com	avatar-sophie.jpg	secret-1506	pro	8	50.846557	4.351697
Canal View Prinsengracht	A comfortable and spacious apartment with a stunning view of the historic city center. Ideal for couples and small families.	2026-06-24T09:37:19.710Z	Hamburg	preview-studio-01.jpg	photo-apartment-02.jpg,photo-apartment-03.jpg,photo-house-01.jpg	true	false	3.6	room	8	9	90903	Air conditioning,Laptop friendly workspace,Baby seat	Eva Lindberg	johan.peeters@example.com	avatar-angelina.jpg	secret-4977	regular	1	53.550341	10.000654
Penthouse, 4-5 rooms + 5th roof	Modern studio with all amenities, located in the heart of the city within walking distance to the main attractions and public transport.	2026-05-27T23:50:09.988Z	Cologne	preview-room-01.jpg	photo-loft-01.jpg,photo-loft-02.jpg	true	false	4.3	house	5	8	82420	Baby seat,Washer,Towels,Fridge	Emma van den Berg	angelina.dubois@example.com	avatar-eva.jpg	secret-8285	pro	5	50.938361	6.959974
House in countryside	A comfortable and spacious apartment with a stunning view of the historic city center. Ideal for couples and small families.	2026-09-08T21:14:13.243Z	Cologne	preview-room-01.jpg	photo-apartment-01.jpg,photo-apartment-02.jpg,photo-apartment-03.jpg,photo-house-01.jpg,photo-house-02.jpg,photo-room-01.jpg,photo-hotel-01.jpg,photo-studio-01.jpg	false	false	2.1	apartment	6	6	86133	Baby seat,Washer,Towels,Fridge	Angelina Dubois	laura.neumann@example.com	avatar-oleg.jpg	secret-3973	regular	0	50.938361	6.959974
Tile House	An independent House, strategically located between Rembrand Square and National Opera, but where the bustle of city life comes to rest in this unusually flowy and soundproofed design home.	2025-09-16T13:28:13.812Z	Dusseldorf	preview-studio-01.jpg	photo-hotel-01.jpg,photo-studio-01.jpg,photo-loft-01.jpg,photo-loft-02.jpg	false	true	2.3	house	7	2	45465	Breakfast,Air conditioning,Laptop friendly workspace,Baby seat	Sophie Lambert	emma.vandenberg@example.com	avatar-mark.jpg	secret-5285	pro	1	51.225402	6.776314
Amazing & Ancient Apartment	Stylish penthouse on the top floor offering panoramic views of the rooftops. Bright interiors, designer furniture and a private terrace.	2026-08-03T22:42:48.641Z	Dusseldorf	preview-studio-01.jpg	photo-studio-01.jpg,photo-loft-01.jpg,photo-loft-02.jpg	true	true	3.6	house	5	7	21407	Air conditioning,Laptop friendly workspace	Mark Kowalski	lucas.maes@example.com	avatar-eva.jpg	secret-8572	pro	6	51.225402	6.776314
Amazing & Ancient Apartment	A quiet cozy and picturesque that hides behind a river, unique wooden decked lodge surrounded by a large garden and many places for taking photos.	2026-07-26T06:27:09.058Z	Hamburg	preview-house-01.jpg	photo-apartment-03.jpg,photo-house-01.jpg,photo-house-02.jpg,photo-room-01.jpg,photo-hotel-01.jpg,photo-studio-01.jpg,photo-loft-01.jpg,photo-loft-02.jpg	false	true	3.7	hotel	4	3	28499	Breakfast,Air conditioning,Laptop friendly workspace,Baby seat,Washer	Max De Vries	mark.kowalski@example.com	avatar-sophie.jpg	secret-4514	regular	2	53.550341	10.000654
Perfectly located apartment near the Eiffel Tower	A traditional house with character, featuring wooden beams, a fireplace and a charming courtyard perfect for relaxing evenings.	2026-02-13T16:15:08.687Z	Hamburg	preview-studio-01.jpg	photo-loft-01.jpg,photo-loft-02.jpg	false	true	4	room	2	6	22843	Washer,Towels,Fridge	Sophie Lambert	eva.lindberg@example.com	avatar-oleg.jpg	secret-4343	regular	7	53.550341	10.000654
Penthouse, 4-5 rooms + 5th roof	An independent House, strategically located between Rembrand Square and National Opera, but where the bustle of city life comes to rest in this unusually flowy and soundproofed design home.	2026-05-27T05:18:51.535Z	Amsterdam	preview-house-01.jpg	photo-loft-01.jpg,photo-loft-02.jpg	true	true	4.1	hotel	5	8	18920	Fridge	Angelina Dubois	lucas.maes@example.com	avatar-oleg.jpg	secret-4938	regular	5	52.370216	4.895168
Amazing & Ancient Apartment	Modern studio with all amenities, located in the heart of the city within walking distance to the main attractions and public transport.	2026-08-08T15:25:54.994Z	Cologne	preview-apartment-01.jpg	photo-hotel-01.jpg,photo-studio-01.jpg,photo-loft-01.jpg,photo-loft-02.jpg	false	true	3.2	house	4	8	14423	Washer,Towels,Fridge	Laura Neumann	sophie.lambert@example.com	avatar-angelina.jpg	secret-7539	regular	2	50.938361	6.959974
Amazing & Ancient Apartment	Modern studio with all amenities, located in the heart of the city within walking distance to the main attractions and public transport.	2025-12-18T18:18:36.606Z	Paris	preview-house-01.jpg	photo-house-01.jpg,photo-house-02.jpg,photo-room-01.jpg,photo-hotel-01.jpg,photo-studio-01.jpg,photo-loft-01.jpg	false	false	1	apartment	2	2	80941	Washer,Towels,Fridge	Eva Lindberg	lucas.maes@example.com	avatar-eva.jpg	secret-6609	regular	6	48.85661	2.351499
Tile House	A comfortable and spacious apartment with a stunning view of the historic city center. Ideal for couples and small families.	2025-09-22T22:34:50.339Z	Cologne	preview-room-01.jpg	photo-apartment-02.jpg,photo-apartment-03.jpg,photo-house-01.jpg,photo-house-02.jpg,photo-room-01.jpg,photo-hotel-01.jpg,photo-studio-01.jpg,photo-loft-01.jpg,photo-loft-02.jpg	false	false	3.2	apartment	2	4	84155	Air conditioning,Laptop friendly workspace	Johan Peeters	emma.vandenberg@example.com	avatar-sophie.jpg	secret-3949	regular	5	50.938361	6.959974
Perfectly located apartment near the Eiffel Tower	A quiet cozy and picturesque that hides behind a river, unique wooden decked lodge surrounded by a large garden and many places for taking photos.	2026-08-04T10:10:40.658Z	Amsterdam	preview-hotel-01.jpg	photo-studio-01.jpg,photo-loft-01.jpg,photo-loft-02.jpg	true	false	3.5	house	4	5	38578	Towels,Fridge	Angelina Dubois	sophie.lambert@example.com	avatar-max.jpg	secret-7622	pro	10	52.370216	4.895168
Penthouse, 4-5 rooms + 5th roof	Bright and airy family apartment close to parks and schools. Quiet neighbourhood with easy access to the city centre.	2026-07-03T16:43:58.298Z	Cologne	preview-loft-01.jpg	photo-house-02.jpg,photo-room-01.jpg,photo-hotel-01.jpg,photo-studio-01.jpg	true	true	3.6	apartment	2	4	87582	Air conditioning,Laptop friendly workspace,Baby seat,Washer	Angelina Dubois	sophie.lambert@example.com	avatar-johan.jpg	secret-9895	pro	6	50.938361	6.959974
Wood and stone place	A traditional house with character, featuring wooden beams, a fireplace and a charming courtyard perfect for relaxing evenings.	2026-04-02T15:18:37.376Z	Brussels	preview-studio-01.jpg	photo-studio-01.jpg,photo-loft-01.jpg,photo-loft-02.jpg	true	true	4.1	house	3	6	37436	Laptop friendly workspace,Baby seat,Washer,Towels	Mark Kowalski	lucas.maes@example.com	avatar-laura.jpg	secret-9421	pro	4	50.846557	4.351697
White castle	A quiet cozy and picturesque that hides behind a river, unique wooden decked lodge surrounded by a large garden and many places for taking photos.	2025-11-07T05:55:41.286Z	Paris	preview-house-01.jpg	photo-studio-01.jpg,photo-loft-01.jpg,photo-loft-02.jpg	true	true	3.9	hotel	3	10	98678	Towels,Fridge	Emma van den Berg	eva.lindberg@example.com	avatar-mark.jpg	secret-7734	regular	10	48.85661	2.351499
Canal View Prinsengracht	Bright and airy family apartment close to parks and schools. Quiet neighbourhood with easy access to the city centre.	2026-04-11T12:42:38.162Z	Dusseldorf	preview-hotel-01.jpg	photo-loft-02.jpg	false	true	1.8	apartment	6	2	21052	Breakfast	Sophie Lambert	emma.vandenberg@example.com	avatar-angelina.jpg	secret-2442	regular	6	51.225402	6.776314
House in countryside	A comfortable and spacious apartment with a stunning view of the historic city center. Ideal for couples and small families.	2026-05-31T17:39:06.247Z	Brussels	preview-hotel-01.jpg	photo-studio-01.jpg,photo-loft-01.jpg,photo-loft-02.jpg	false	true	1.5	house	5	2	47071	Air conditioning,Laptop friendly workspace,Baby seat,Washer,Towels,Fridge	Lucas Maes	mark.kowalski@example.com	avatar-mark.jpg	secret-3164	regular	4	50.846557	4.351697
Loft Studio in the Central Area	Bright and airy family apartment close to parks and schools. Quiet neighbourhood with easy access to the city centre.	2025-09-27T08:10:12.608Z	Hamburg	preview-hotel-01.jpg	photo-hotel-01.jpg,photo-studio-01.jpg,photo-loft-01.jpg,photo-loft-02.jpg	false	false	3.1	room	6	5	35838	Towels,Fridge	Oleg Sidorov	oleg.sidorov@example.com	avatar-laura.jpg	secret-7486	regular	1	53.550341	10.000654
Beautiful & luxurious studio at great location	Stylish penthouse on the top floor offering panoramic views of the rooftops. Bright interiors, designer furniture and a private terrace.	2026-04-28T20:59:35.598Z	Dusseldorf	preview-apartment-01.jpg	photo-apartment-02.jpg,photo-apartment-03.jpg,photo-house-01.jpg,photo-house-02.jpg	true	true	4.5	apartment	6	5	51869	Air conditioning,Laptop friendly workspace,Baby seat,Washer,Towels,Fridge	Mark Kowalski	max.devries@example.com	avatar-johan.jpg	secret-8799	regular	5	51.225402	6.776314
Tile House	An independent House, strategically located between Rembrand Square and National Opera, but where the bustle of city life comes to rest in this unusually flowy and soundproofed design home.	2025-12-23T03:22:58.221Z	Cologne	preview-studio-01.jpg	photo-studio-01.jpg,photo-loft-01.jpg,photo-loft-02.jpg	true	true	2.7	room	8	1	33318	Laptop friendly workspace,Baby seat,Washer,Towels,Fridge	Johan Peeters	sophie.lambert@example.com	avatar-sophie.jpg	secret-8978	regular	4	50.938361	6.959974
Wood and stone place	An independent House, strategically located between Rembrand Square and National Opera, but where the bustle of city life comes to rest in this unusually flowy and soundproofed design home.	2026-08-06T09:36:04.302Z	Dusseldorf	preview-hotel-01.jpg	photo-apartment-01.jpg,photo-apartment-02.jpg,photo-apartment-03.jpg,photo-house-01.jpg,photo-house-02.jpg,photo-room-01.jpg	true	true	2.9	room	2	6	94418	Air conditioning	Johan Peeters	angelina.dubois@example.com	avatar-max.jpg	secret-9181	regular	4	51.225402	6.776314
Canal View Prinsengracht	Bright and airy family apartment close to parks and schools. Quiet neighbourhood with easy access to the city centre.	2026-04-02T19:35:04.758Z	Amsterdam	preview-hotel-01.jpg	photo-house-02.jpg,photo-room-01.jpg,photo-hotel-01.jpg,photo-studio-01.jpg,photo-loft-01.jpg,photo-loft-02.jpg	true	true	4.3	room	1	3	97218	Baby seat,Washer,Towels,Fridge	Angelina Dubois	emma.vandenberg@example.com	avatar-eva.jpg	secret-3328	regular	6	52.370216	4.895168
Loft Studio in the Central Area	A quiet cozy and picturesque that hides behind a river, unique wooden decked lodge surrounded by a large garden and many places for taking photos.	2026-02-26T17:31:53.129Z	Brussels	preview-house-01.jpg	photo-room-01.jpg,photo-hotel-01.jpg,photo-studio-01.jpg,photo-loft-01.jpg,photo-loft-02.jpg	false	true	3.8	house	5	1	16860	Air conditioning,Laptop friendly workspace	Laura Neumann	mark.kowalski@example.com	avatar-laura.jpg	secret-4915	regular	1	50.846557	4.351697
Amazing & Ancient Apartment	A quiet cozy and picturesque that hides behind a river, unique wooden decked lodge surrounded by a large garden and many places for taking photos.	2026-01-14T07:18:37.197Z	Hamburg	preview-hotel-01.jpg	photo-room-01.jpg,photo-hotel-01.jpg,photo-studio-01.jpg,photo-loft-01.jpg,photo-loft-02.jpg	true	true	4.9	room	4	4	16622	Air conditioning,Laptop friendly workspace,Baby seat,Washer,Towels	Emma van den Berg	angelina.dubois@example.com	avatar-johan.jpg	secret-1235	regular	9	53.550341	10.000654
Penthouse, 4-5 rooms + 5th roof	An independent House, strategically located between Rembrand Square and National Opera, but where the bustle of city life comes to rest in this unusually flowy and soundproofed design home.	2026-05-09T23:27:59.716Z	Dusseldorf	preview-loft-01.jpg	photo-studio-01.jpg,photo-loft-01.jpg,photo-loft-02.jpg	true	true	1.2	house	5	2	69349	Air conditioning,Laptop friendly workspace	Laura Neumann	sophie.lambert@example.com	avatar-angelina.jpg	secret-5563	regular	0	51.225402	6.776314
Amazing & Ancient Apartment	An independent House, strategically located between Rembrand Square and National Opera, but where the bustle of city life comes to rest in this unusually flowy and soundproofed design home.	2026-05-19T09:37:35.504Z	Hamburg	preview-house-01.jpg	photo-hotel-01.jpg,photo-studio-01.jpg,photo-loft-01.jpg,photo-loft-02.jpg	true	false	4.9	apartment	5	9	24579	Air conditioning,Laptop friendly workspace,Baby seat,Washer,Towels,Fridge	Sophie Lambert	sophie.lambert@example.com	avatar-emma.jpg	secret-3369	regular	10	53.550341	10.000654
House in countryside	An independent House, strategically located between Rembrand Square and National Opera, but where the bustle of city life comes to rest in this unusually flowy and soundproofed design home.	2026-05-26T21:34:46.014Z	Paris	preview-house-01.jpg	photo-studio-01.jpg,photo-loft-01.jpg,photo-loft-02.jpg	false	true	4.8	house	2	3	77417	Laptop friendly workspace,Baby seat	Emma van den Berg	oleg.sidorov@example.com	avatar-max.jpg	secret-9406	pro	2	48.85661	2.351499
Beautiful & luxurious studio at great location	An independent House, strategically located between Rembrand Square and National Opera, but where the bustle of city life comes to rest in this unusually flowy and soundproofed design home.	2026-08-18T04:21:14.470Z	Amsterdam	preview-hotel-01.jpg	photo-hotel-01.jpg,photo-studio-01.jpg,photo-loft-01.jpg,photo-loft-02.jpg	false	false	3.3	room	6	10	98596	Laptop friendly workspace,Baby seat,Washer,Towels,Fridge	Oleg Sidorov	laura.neumann@example.com	avatar-oleg.jpg	secret-1903	regular	5	52.370216	4.895168
Tile House	Modern studio with all amenities, located in the heart of the city within walking distance to the main attractions and public transport.	2026-09-02T04:06:30.843Z	Hamburg	preview-room-01.jpg	photo-apartment-03.jpg,photo-house-01.jpg,photo-house-02.jpg,photo-room-01.jpg	true	false	3.4	apartment	4	9	43590	Fridge	Max De Vries	emma.vandenberg@example.com	avatar-laura.jpg	secret-4002	regular	0	53.550341	10.000654
Penthouse, 4-5 rooms + 5th roof	A traditional house with character, featuring wooden beams, a fireplace and a charming courtyard perfect for relaxing evenings.	2026-07-15T06:46:29.048Z	Cologne	preview-house-01.jpg	photo-house-01.jpg,photo-house-02.jpg,photo-room-01.jpg,photo-hotel-01.jpg,photo-studio-01.jpg,photo-loft-01.jpg,photo-loft-02.jpg	false	false	2.8	hotel	7	7	43423	Breakfast,Air conditioning,Laptop friendly workspace	Oleg Sidorov	oleg.sidorov@example.com	avatar-mark.jpg	secret-3312	regular	2	50.938361	6.959974
Penthouse, 4-5 rooms + 5th roof	Stylish penthouse on the top floor offering panoramic views of the rooftops. Bright interiors, designer furniture and a private terrace.	2026-03-31T17:02:26.407Z	Cologne	preview-loft-01.jpg	photo-room-01.jpg,photo-hotel-01.jpg,photo-studio-01.jpg,photo-loft-01.jpg,photo-loft-02.jpg	false	false	1.8	hotel	5	7	87624	Air conditioning,Laptop friendly workspace,Baby seat,Washer,Towels	Lucas Maes	oleg.sidorov@example.com	avatar-eva.jpg	secret-8494	pro	4	50.938361	6.959974
House in countryside	A quiet cozy and picturesque that hides behind a river, unique wooden decked lodge surrounded by a large garden and many places for taking photos.	2026-07-31T05:04:06.869Z	Hamburg	preview-hotel-01.jpg	photo-house-02.jpg,photo-room-01.jpg,photo-hotel-01.jpg,photo-studio-01.jpg,photo-loft-01.jpg,photo-loft-02.jpg	true	true	2.6	apartment	3	2	3612	Laptop friendly workspace,Baby seat,Washer	Lucas Maes	eva.lindberg@example.com	avatar-angelina.jpg	secret-6844	pro	5	53.550341	10.000654
Wood and stone place	A comfortable and spacious apartment with a stunning view of the historic city center. Ideal for couples and small families.	2026-08-31T09:36:15.573Z	Hamburg	preview-hotel-01.jpg	photo-apartment-01.jpg,photo-apartment-02.jpg,photo-apartment-03.jpg,photo-house-01.jpg,photo-house-02.jpg,photo-room-01.jpg,photo-hotel-01.jpg	false	false	1.9	house	8	2	50967	Baby seat,Washer,Towels,Fridge	Emma van den Berg	angelina.dubois@example.com	avatar-emma.jpg	secret-8783	regular	4	53.550341	10.000654
Amazing & Ancient Apartment	Bright and airy family apartment close to parks and schools. Quiet neighbourhood with easy access to the city centre.	2026-07-17T06:10:44.481Z	Brussels	preview-hotel-01.jpg	photo-apartment-03.jpg,photo-house-01.jpg,photo-house-02.jpg	false	true	4.9	room	2	9	53944	Baby seat,Washer,Towels,Fridge	Angelina Dubois	sophie.lambert@example.com	avatar-mark.jpg	secret-2767	pro	7	50.846557	4.351697
Penthouse, 4-5 rooms + 5th roof	Stylish penthouse on the top floor offering panoramic views of the rooftops. Bright interiors, designer furniture and a private terrace.	2026-02-14T23:46:53.617Z	Brussels	preview-house-01.jpg	photo-apartment-01.jpg,photo-apartment-02.jpg,photo-apartment-03.jpg,photo-house-01.jpg,photo-house-02.jpg,photo-room-01.jpg	false	true	2.4	apartment	6	5	53522	Air conditioning,Laptop friendly workspace,Baby seat,Washer,Towels,Fridge	Johan Peeters	emma.vandenberg@example.com	avatar-angelina.jpg	secret-1237	regular	1	50.846557	4.351697
Tile House	Stylish penthouse on the top floor offering panoramic views of the rooftops. Bright interiors, designer furniture and a private terrace.	2026-08-26T00:45:57.883Z	Dusseldorf	preview-house-01.jpg	photo-house-01.jpg,photo-house-02.jpg,photo-room-01.jpg,photo-hotel-01.jpg,photo-studio-01.jpg,photo-loft-01.jpg	true	true	4.3	apartment	6	2	30769	Towels,Fridge	Eva Lindberg	laura.neumann@example.com	avatar-eva.jpg	secret-3517	pro	6	51.225402	6.776314
Amazing & Ancient Apartment	A comfortable and spacious apartment with a stunning view of the historic city center. Ideal for couples and small families.	2025-10-26T10:24:02.422Z	Brussels	preview-loft-01.jpg	photo-house-01.jpg,photo-house-02.jpg,photo-room-01.jpg,photo-hotel-01.jpg,photo-studio-01.jpg,photo-loft-01.jpg,photo-loft-02.jpg	true	false	1	room	2	4	18573	Laptop friendly workspace,Baby seat,Washer	Lucas Maes	mark.kowalski@example.com	avatar-eva.jpg	secret-9200	regular	4	50.846557	4.351697
Loft Studio in the Central Area	A traditional house with character, featuring wooden beams, a fireplace and a charming courtyard perfect for relaxing evenings.	2026-06-25T13:08:55.065Z	Paris	preview-room-01.jpg	photo-apartment-03.jpg,photo-house-01.jpg,photo-house-02.jpg,photo-room-01.jpg,photo-hotel-01.jpg,photo-studio-01.jpg,photo-loft-01.jpg,photo-loft-02.jpg	true	false	1.5	hotel	8	4	40609	Breakfast,Air conditioning,Laptop friendly workspace	Emma van den Berg	lucas.maes@example.com	avatar-mark.jpg	secret-2524	pro	7	48.85661	2.351499
Beautiful & luxurious studio at great location	Bright and airy family apartment close to parks and schools. Quiet neighbourhood with easy access to the city centre.	2026-06-30T05:06:44.426Z	Amsterdam	preview-studio-01.jpg	photo-hotel-01.jpg,photo-studio-01.jpg,photo-loft-01.jpg,photo-loft-02.jpg	false	true	1.4	room	7	3	50174	Fridge	Emma van den Berg	angelina.dubois@example.com	avatar-angelina.jpg	secret-9450	pro	5	52.370216	4.895168
Perfectly located apartment near the Eiffel Tower	Stylish penthouse on the top floor offering panoramic views of the rooftops. Bright interiors, designer furniture and a private terrace.	2025-10-25T21:19:21.854Z	Cologne	preview-room-01.jpg	photo-house-02.jpg,photo-room-01.jpg,photo-hotel-01.jpg,photo-studio-01.jpg,photo-loft-01.jpg,photo-loft-02.jpg	true	true	4	room	7	5	11437	Baby seat,Washer,Towels,Fridge	Mark Kowalski	oleg.sidorov@example.com	avatar-mark.jpg	secret-5457	regular	9	50.938361	6.959974
Amazing & Ancient Apartment	Bright and airy family apartment close to parks and schools. Quiet neighbourhood with easy access to the city centre.	2026-03-10T06:14:09.311Z	Brussels	preview-hotel-01.jpg	photo-apartment-01.jpg,photo-apartment-02.jpg,photo-apartment-03.jpg,photo-house-01.jpg,photo-house-02.jpg	false	false	2	apartment	3	6	29935	Air conditioning,Laptop friendly workspace,Baby seat	Johan Peeters	oleg.sidorov@example.com	avatar-sophie.jpg	secret-2959	regular	5	50.846557	4.351697
Canal View Prinsengracht	Modern studio with all amenities, located in the heart of the city within walking distance to the main attractions and public transport.	2026-05-22T02:40:43.692Z	Cologne	preview-apartment-01.jpg	photo-apartment-03.jpg,photo-house-01.jpg,photo-house-02.jpg,photo-room-01.jpg,photo-hotel-01.jpg,photo-studio-01.jpg,photo-loft-01.jpg	false	true	3.7	room	4	5	8510	Fridge	Oleg Sidorov	oleg.sidorov@example.com	avatar-johan.jpg	secret-3947	regular	4	50.938361	6.959974
Canal View Prinsengracht	Unique loft space with high ceilings and large industrial windows. Perfect for those who appreciate creative and unconventional interiors.	2025-12-20T01:59:05.405Z	Paris	preview-house-01.jpg	photo-hotel-01.jpg,photo-studio-01.jpg,photo-loft-01.jpg,photo-loft-02.jpg	false	true	2	room	4	3	13897	Washer,Towels,Fridge	Mark Kowalski	sophie.lambert@example.com	avatar-lucas.jpg	secret-7289	pro	2	48.85661	2.351499
Perfectly located apartment near the Eiffel Tower	A traditional house with character, featuring wooden beams, a fireplace and a charming courtyard perfect for relaxing evenings.	2025-09-22T22:38:37.241Z	Amsterdam	preview-room-01.jpg	photo-room-01.jpg,photo-hotel-01.jpg,photo-studio-01.jpg,photo-loft-01.jpg,photo-loft-02.jpg	false	true	3.5	room	2	9	68354	Air conditioning,Laptop friendly workspace,Baby seat	Max De Vries	mark.kowalski@example.com	avatar-angelina.jpg	secret-8075	pro	7	52.370216	4.895168
Penthouse, 4-5 rooms + 5th roof	Modern studio with all amenities, located in the heart of the city within walking distance to the main attractions and public transport.	2025-10-22T20:59:12.144Z	Hamburg	preview-hotel-01.jpg	photo-hotel-01.jpg,photo-studio-01.jpg,photo-loft-01.jpg,photo-loft-02.jpg	true	false	2.1	house	2	6	90718	Washer,Towels,Fridge	Emma van den Berg	emma.vandenberg@example.com	avatar-oleg.jpg	secret-7334	pro	1	53.550341	10.000654
Wood and stone place	Modern studio with all amenities, located in the heart of the city within walking distance to the main attractions and public transport.	2025-11-12T13:01:48.325Z	Paris	preview-studio-01.jpg	photo-hotel-01.jpg,photo-studio-01.jpg,photo-loft-01.jpg,photo-loft-02.jpg	true	false	2.6	house	5	4	21097	Towels,Fridge	Sophie Lambert	laura.neumann@example.com	avatar-eva.jpg	secret-3705	regular	4	48.85661	2.351499
White castle	Stylish penthouse on the top floor offering panoramic views of the rooftops. Bright interiors, designer furniture and a private terrace.	2026-03-24T15:02:45.653Z	Hamburg	preview-room-01.jpg	photo-hotel-01.jpg,photo-studio-01.jpg,photo-loft-01.jpg,photo-loft-02.jpg	true	false	3	house	4	3	75792	Washer,Towels,Fridge	Oleg Sidorov	mark.kowalski@example.com	avatar-max.jpg	secret-9046	pro	4	53.550341	10.000654
Canal View Prinsengracht	A comfortable and spacious apartment with a stunning view of the historic city center. Ideal for couples and small families.	2026-05-09T04:33:50.951Z	Cologne	preview-house-01.jpg	photo-loft-01.jpg,photo-loft-02.jpg	true	true	1.6	house	5	8	15449	Air conditioning	Laura Neumann	mark.kowalski@example.com	avatar-mark.jpg	secret-1989	pro	3	50.938361	6.959974
White castle	A comfortable and spacious apartment with a stunning view of the historic city center. Ideal for couples and small families.	2026-08-27T10:38:00.249Z	Brussels	preview-apartment-01.jpg	photo-apartment-03.jpg,photo-house-01.jpg,photo-house-02.jpg,photo-room-01.jpg,photo-hotel-01.jpg	false	false	1.2	house	4	5	10099	Towels,Fridge	Angelina Dubois	lucas.maes@example.com	avatar-angelina.jpg	secret-2976	regular	9	50.846557	4.351697
White castle	Unique loft space with high ceilings and large industrial windows. Perfect for those who appreciate creative and unconventional interiors.	2025-10-02T21:53:07.750Z	Hamburg	preview-house-01.jpg	photo-studio-01.jpg,photo-loft-01.jpg,photo-loft-02.jpg	true	true	3.6	room	3	5	94656	Towels,Fridge	Emma van den Berg	sophie.lambert@example.com	avatar-sophie.jpg	secret-6103	pro	0	53.550341	10.000654
Loft Studio in the Central Area	Stylish penthouse on the top floor offering panoramic views of the rooftops. Bright interiors, designer furniture and a private terrace.	2025-12-17T21:45:31.015Z	Cologne	preview-studio-01.jpg	photo-studio-01.jpg,photo-loft-01.jpg,photo-loft-02.jpg	true	false	1.2	room	5	7	74980	Washer,Towels,Fridge	Oleg Sidorov	mark.kowalski@example.com	avatar-lucas.jpg	secret-3845	regular	3	50.938361	6.959974
White castle	An independent House, strategically located between Rembrand Square and National Opera, but where the bustle of city life comes to rest in this unusually flowy and soundproofed design home.	2026-02-15T22:58:36.873Z	Hamburg	preview-room-01.jpg	photo-apartment-03.jpg,photo-house-01.jpg,photo-house-02.jpg,photo-room-01.jpg,photo-hotel-01.jpg	true	false	2.4	room	4	2	95464	Baby seat,Washer,Towels	Sophie Lambert	emma.vandenberg@example.com	avatar-emma.jpg	secret-3764	regular	2	53.550341	10.000654
House in countryside	Modern studio with all amenities, located in the heart of the city within walking distance to the main attractions and public transport.	2026-06-05T10:54:07.717Z	Amsterdam	preview-apartment-01.jpg	photo-house-01.jpg,photo-house-02.jpg,photo-room-01.jpg,photo-hotel-01.jpg,photo-studio-01.jpg,photo-loft-01.jpg	true	true	3.1	hotel	7	7	17329	Laptop friendly workspace,Baby seat,Washer,Towels,Fridge	Max De Vries	laura.neumann@example.com	avatar-emma.jpg	secret-9657	pro	2	52.370216	4.895168
White castle	Stylish penthouse on the top floor offering panoramic views of the rooftops. Bright interiors, designer furniture and a private terrace.	2025-10-30T08:14:48.587Z	Hamburg	preview-room-01.jpg	photo-room-01.jpg,photo-hotel-01.jpg,photo-studio-01.jpg,photo-loft-01.jpg,photo-loft-02.jpg	true	false	2.2	hotel	1	9	2155	Fridge	Laura Neumann	angelina.dubois@example.com	avatar-oleg.jpg	secret-5461	regular	5	53.550341	10.000654
Tile House	Stylish penthouse on the top floor offering panoramic views of the rooftops. Bright interiors, designer furniture and a private terrace.	2026-07-27T18:03:46.647Z	Amsterdam	preview-studio-01.jpg	photo-house-01.jpg,photo-house-02.jpg,photo-room-01.jpg,photo-hotel-01.jpg,photo-studio-01.jpg	false	true	1.7	house	3	4	42376	Baby seat,Washer,Towels	Sophie Lambert	emma.vandenberg@example.com	avatar-mark.jpg	secret-5852	regular	2	52.370216	4.895168
White castle	Bright and airy family apartment close to parks and schools. Quiet neighbourhood with easy access to the city centre.	2026-06-10T21:18:22.601Z	Brussels	preview-loft-01.jpg	photo-house-01.jpg,photo-house-02.jpg,photo-room-01.jpg,photo-hotel-01.jpg,photo-studio-01.jpg,photo-loft-01.jpg,photo-loft-02.jpg	true	false	2.9	house	5	10	27642	Baby seat,Washer,Towels,Fridge	Angelina Dubois	oleg.sidorov@example.com	avatar-sophie.jpg	secret-6806	regular	7	50.846557	4.351697
Beautiful & luxurious studio at great location	An independent House, strategically located between Rembrand Square and National Opera, but where the bustle of city life comes to rest in this unusually flowy and soundproofed design home.	2025-09-13T12:29:59.938Z	Dusseldorf	preview-loft-01.jpg	photo-hotel-01.jpg,photo-studio-01.jpg,photo-loft-01.jpg,photo-loft-02.jpg	true	false	3.4	house	5	3	64667	Baby seat,Washer,Towels	Oleg Sidorov	oleg.sidorov@example.com	avatar-angelina.jpg	secret-5950	regular	3	51.225402	6.776314
Amazing & Ancient Apartment	Bright and airy family apartment close to parks and schools. Quiet neighbourhood with easy access to the city centre.	2026-03-31T05:09:36.966Z	Amsterdam	preview-hotel-01.jpg	photo-house-01.jpg,photo-house-02.jpg,photo-room-01.jpg,photo-hotel-01.jpg,photo-studio-01.jpg	true	true	2.5	house	4	6	45964	Laptop friendly workspace,Baby seat	Lucas Maes	angelina.dubois@example.com	avatar-mark.jpg	secret-4599	pro	8	52.370216	4.895168
Penthouse, 4-5 rooms + 5th roof	A traditional house with character, featuring wooden beams, a fireplace and a charming courtyard perfect for relaxing evenings.	2026-01-06T01:35:17.165Z	Brussels	preview-apartment-01.jpg	photo-studio-01.jpg,photo-loft-01.jpg,photo-loft-02.jpg	false	true	1.6	house	2	3	83858	Baby seat,Washer,Towels,Fridge	Sophie Lambert	sophie.lambert@example.com	avatar-eva.jpg	secret-5114	regular	0	50.846557	4.351697
Penthouse, 4-5 rooms + 5th roof	A traditional house with character, featuring wooden beams, a fireplace and a charming courtyard perfect for relaxing evenings.	2026-01-03T16:02:30.695Z	Cologne	preview-hotel-01.jpg	photo-house-02.jpg,photo-room-01.jpg,photo-hotel-01.jpg,photo-studio-01.jpg,photo-loft-01.jpg,photo-loft-02.jpg	true	false	3.2	room	5	5	65300	Air conditioning,Laptop friendly workspace,Baby seat,Washer	Laura Neumann	angelina.dubois@example.com	avatar-sophie.jpg	secret-9073	pro	2	50.938361	6.959974
Loft Studio in the Central Area	An independent House, strategically located between Rembrand Square and National Opera, but where the bustle of city life comes to rest in this unusually flowy and soundproofed design home.	2026-03-24T22:54:55.245Z	Hamburg	preview-hotel-01.jpg	photo-loft-01.jpg,photo-loft-02.jpg	true	true	4.5	hotel	4	5	55255	Washer,Towels,Fridge	Laura Neumann	max.devries@example.com	avatar-mark.jpg	secret-9458	pro	10	53.550341	10.000654
Penthouse, 4-5 rooms + 5th roof	An independent House, strategically located between Rembrand Square and National Opera, but where the bustle of city life comes to rest in this unusually flowy and soundproofed design home.	2025-12-18T20:59:05.112Z	Amsterdam	preview-house-01.jpg	photo-room-01.jpg,photo-hotel-01.jpg,photo-studio-01.jpg,photo-loft-01.jpg,photo-loft-02.jpg	true	false	3.7	room	3	2	7758	Washer,Towels,Fridge	Emma van den Berg	lucas.maes@example.com	avatar-max.jpg	secret-5537	pro	7	52.370216	4.895168
Amazing & Ancient Apartment	Bright and airy family apartment close to parks and schools. Quiet neighbourhood with easy access to the city centre.	2026-01-31T13:39:51.392Z	Hamburg	preview-loft-01.jpg	photo-apartment-02.jpg	false	false	2.5	room	2	6	96518	Washer,Towels,Fridge	Mark Kowalski	emma.vandenberg@example.com	avatar-laura.jpg	secret-7529	regular	8	53.550341	10.000654
Tile House	A quiet cozy and picturesque that hides behind a river, unique wooden decked lodge surrounded by a large garden and many places for taking photos.	2026-01-01T22:04:29.741Z	Hamburg	preview-room-01.jpg	photo-hotel-01.jpg,photo-studio-01.jpg,photo-loft-01.jpg,photo-loft-02.jpg	false	false	1.9	hotel	3	8	29810	Towels,Fridge	Lucas Maes	oleg.sidorov@example.com	avatar-mark.jpg	secret-4717	regular	5	53.550341	10.000654
Penthouse, 4-5 rooms + 5th roof	A comfortable and spacious apartment with a stunning view of the historic city center. Ideal for couples and small families.	2026-07-19T03:11:12.701Z	Hamburg	preview-loft-01.jpg	photo-apartment-02.jpg	true	false	1.8	hotel	6	7	82006	Towels,Fridge	Johan Peeters	johan.peeters@example.com	avatar-sophie.jpg	secret-1191	regular	5	53.550341	10.000654
Tile House	A traditional house with character, featuring wooden beams, a fireplace and a charming courtyard perfect for relaxing evenings.	2026-06-09T10:56:24.030Z	Amsterdam	preview-loft-01.jpg	photo-loft-01.jpg,photo-loft-02.jpg	true	true	3.2	house	4	8	24404	Air conditioning,Laptop friendly workspace,Baby seat,Washer,Towels,Fridge	Angelina Dubois	angelina.dubois@example.com	avatar-mark.jpg	secret-4273	regular	5	52.370216	4.895168
House in countryside	Bright and airy family apartment close to parks and schools. Quiet neighbourhood with easy access to the city centre.	2025-12-07T12:20:12.213Z	Cologne	preview-house-01.jpg	photo-studio-01.jpg,photo-loft-01.jpg,photo-loft-02.jpg	false	false	3.6	house	7	5	59837	Washer,Towels,Fridge	Johan Peeters	mark.kowalski@example.com	avatar-johan.jpg	secret-5509	pro	9	50.938361	6.959974
White castle	An independent House, strategically located between Rembrand Square and National Opera, but where the bustle of city life comes to rest in this unusually flowy and soundproofed design home.	2026-04-16T07:59:45.006Z	Amsterdam	preview-house-01.jpg	photo-room-01.jpg,photo-hotel-01.jpg,photo-studio-01.jpg,photo-loft-01.jpg,photo-loft-02.jpg	true	true	2.2	room	8	8	30840	Laptop friendly workspace,Baby seat,Washer	Laura Neumann	sophie.lambert@example.com	avatar-lucas.jpg	secret-1209	regular	6	52.370216	4.895168
Penthouse, 4-5 rooms + 5th roof	Modern studio with all amenities, located in the heart of the city within walking distance to the main attractions and public transport.	2026-04-05T23:04:57.075Z	Paris	preview-studio-01.jpg	photo-house-01.jpg,photo-house-02.jpg,photo-room-01.jpg,photo-hotel-01.jpg,photo-studio-01.jpg,photo-loft-01.jpg,photo-loft-02.jpg	true	false	1.8	hotel	3	2	25629	Towels,Fridge	Lucas Maes	sophie.lambert@example.com	avatar-mark.jpg	secret-7874	regular	6	48.85661	2.351499
Wood and stone place	Stylish penthouse on the top floor offering panoramic views of the rooftops. Bright interiors, designer furniture and a private terrace.	2025-11-07T00:47:14.264Z	Hamburg	preview-room-01.jpg	photo-room-01.jpg,photo-hotel-01.jpg,photo-studio-01.jpg,photo-loft-01.jpg,photo-loft-02.jpg	true	false	4.9	room	3	2	72855	Baby seat,Washer,Towels,Fridge	Emma van den Berg	oleg.sidorov@example.com	avatar-max.jpg	secret-9573	pro	4	53.550341	10.000654
White castle	Unique loft space with high ceilings and large industrial windows. Perfect for those who appreciate creative and unconventional interiors.	2026-02-26T16:28:47.762Z	Amsterdam	preview-hotel-01.jpg	photo-room-01.jpg,photo-hotel-01.jpg,photo-studio-01.jpg,photo-loft-01.jpg,photo-loft-02.jpg	true	false	4.8	house	2	6	29521	Fridge	Mark Kowalski	sophie.lambert@example.com	avatar-sophie.jpg	secret-6812	regular	2	52.370216	4.895168
Tile House	An independent House, strategically located between Rembrand Square and National Opera, but where the bustle of city life comes to rest in this unusually flowy and soundproofed design home.	2026-04-26T05:19:11.145Z	Brussels	preview-loft-01.jpg	photo-studio-01.jpg,photo-loft-01.jpg,photo-loft-02.jpg	true	false	4.5	room	8	4	17493	Fridge	Johan Peeters	oleg.sidorov@example.com	avatar-sophie.jpg	secret-7036	pro	4	50.846557	4.351697
Loft Studio in the Central Area	Stylish penthouse on the top floor offering panoramic views of the rooftops. Bright interiors, designer furniture and a private terrace.	2026-03-26T12:32:12.955Z	Paris	preview-studio-01.jpg	photo-apartment-03.jpg,photo-house-01.jpg,photo-house-02.jpg	true	false	3.2	house	5	2	82833	Laptop friendly workspace,Baby seat,Washer,Towels,Fridge	Johan Peeters	emma.vandenberg@example.com	avatar-emma.jpg	secret-3795	pro	1	48.85661	2.351499
Wood and stone place	Modern studio with all amenities, located in the heart of the city within walking distance to the main attractions and public transport.	2025-09-15T02:04:03.689Z	Dusseldorf	preview-apartment-01.jpg	photo-house-01.jpg,photo-house-02.jpg,photo-room-01.jpg,photo-hotel-01.jpg,photo-studio-01.jpg,photo-loft-01.jpg	false	true	2.4	room	3	7	29356	Baby seat,Washer,Towels,Fridge	Emma van den Berg	max.devries@example.com	avatar-laura.jpg	secret-8405	regular	2	51.225402	6.776314
